Name of preset,Alternative names,Atmosphere,business_type,section_type ,path,atmosphere_original,reviewed
Card Spread,"3D rotate, scroll 3D, tumble, revolve, gyroscope","[""smooth"", ""gentle"", ""subtle"", ""elegant"", ""soft"", ""clean"", ""refined"", ""graceful"", ""cloudy"", ""understated"", ""classic"", ""high-end"", ""modern"", ""gradual"", ""shape""]","Creative Agencies, Design Studios, Tech Companies, Startups, Fashion Brands, Lifestyle Brands, Luxury Brands, Automotive, eCommerce,Gaming, Health, Fitness, Wellness, SaaS, Real Estate, Architecture, Hospitality, Travel, Events, Conferences, Festivals, Nonprofits, Art, Culture, Museums, Beauty, Cosmetics, Music, Performing Arts, Interior Design, Home Decor, Marketing & Consulting Agencies,Corporate Websites.","Hero, Product Section, Services Section, Cards, Interactive Cards",Gallery-and-Carousel/CardSpread.html,"[""smooth"", ""gentle"", ""subtle"", ""elegant"", ""soft"", ""clean"", ""refined"", ""graceful"", ""cloudy"", ""understated"", ""classic"", ""high-end"", ""modern""]",2026-08-30T11:21:13
expand horzinotal scroll,,"[""fluid"", ""cool"", ""impactful"", ""bold"", ""attention-grabbing"", ""dynamic"", ""edgy"", ""sophisticated"", ""high-end"", ""playful"", ""horizontal movement"", ""graphic"", ""immersive""]","Creative Agencies, Design Studios, Tech Companies, Startups, Fashion Brands, Lifestyle Brands, Luxury Brands, Automotive, eCommerce,, Media, Education, Finance, Banking, SaaS, Real Estate, Architecture, Hospitality, Travel, Events, Conferences, Festivals, Nonprofits, Art, Culture, Museums, Restaurants, Beauty, Cosmetics, Music, Performing Arts, Interior Design, Home Decor, Marketing & Consulting Agencies, Environmental & Sustainability Initiatives, Wedding & Event, Corporate Websites.","Hero, Product Section, Services Section, Case Studies, Team, How It Works, Testimonials, Feature Gallery, Cards, Interactive Cards.",Gallery-and-Carousel/ExpandingHorizontalScroll.html,"[""fluid"", ""cool"", ""impactful"", ""bold"", ""attention-grabbing"", ""dynamic"", ""edgy"", ""sophisticated"", ""high-end"", ""playful"", ""horizontal movement""]",2026-08-30T13:05:22
sticky repeater stack,"blink, quick flash, eye wink, flicker, twinkle","[""playful"", ""charming"", ""unique"", ""depth"", ""z axis"", ""zoom"", ""edgy"", ""silky"", ""fun"", ""futuristic""]","Creative Agencies, Design Studios, Tech Companies, Startups, Fashion Brands, Lifestyle Brands, Luxury Brands, eCommerce, Retail, Entertainment, Gaming, Health, Wellness, Education, Finance, SaaS, Real Estate, Architecture, Hospitality, Travel, Events, Festivals, Art, Culture, Museums, Restaurants, Beauty, Music, Performing Arts, Interior Design, Home Decor, Marketing & Consulting Agencies, Wedding & Event","Hero, Gallery, Product Section, Services Section, Case Studies, How It Works,, Feature Gallery, Gallery, Cards, Interactive Cards, Portfolio",Gallery-and-Carousel/StickyRepeaterStack.html,,2026-08-30T13:14:30
horiznotal & vertical scroll,"lean, slant, tip, angle, cant","[""creative"", ""unique"", ""bold"", ""dynamic"", ""classic"", ""playful"", ""confident"", ""silky"", ""horizontal scroll"", ""vertical"", ""futuristic"", ""edgy""]","Creative Agencies, Design Studios, Tech Companies, Startups, Fashion Brands, Lifestyle Brands, Luxury Brands, Automotive, eCommerce, Retail, Entertainment, Media, Streaming Services, Gaming, Health, Fitness, Wellness, Education, Finance, Banking, SaaS, Real Estate, Architecture, Hospitality, Travel, Events, Nonprofits, Art, Culture, Museums, Restaurants, Beauty, Cosmetics, Music, Performing Arts, Interior Design, Home Decor, Marketing & Consulting Agencies, Wedding & Event","Hero, Gallery, Product Section, Services Section, Case Studies, How It Works,, Feature Gallery, Gallery, Cards, Interactive Cards, Portfolio",Gallery-and-Carousel/HorizontalAndVerticalScroll.html,"[""creative"", ""unique"", ""bold"", ""dynamic"", ""classic"", ""playful"", ""confident"", ""silky""]",2026-08-30T11:12:05
title folds scroll animation,"morph, shape morph, blob morph, form change, reshape","[""organic"", ""fluid"", ""creative"", ""smooth"", ""transformative"", ""silky"", ""eye catching"", ""effortless"", ""flowing"", ""gradual""]","Creative Agencies, Design Studios, Tech Companies, Startups, Fashion Brands, Lifestyle Brands, Luxury Brands, eCommerce, Retail, Entertainment, Fitness, Wellness, SaaS, Real Estate, Architecture, Travel, Events, Conferences, Festivals, Nonprofits, Art, Culture, Museums, Restaurants, Beauty, Cosmetics, Music, Performing Arts, Interior Design, Home Decor, Marketing & Consulting Agencies, Wedding & Event,.","Hero,, Product Section, Services Section, Feature Gallery, Cards, Interactive Cards, Portfolio",Gallery-and-Carousel/TitleFoldsScrollAnimation.html,,2026-08-30T13:14:38
classic horziontal scroll,,"[""horizontal scroll"", ""smooth"", ""clean"", ""elegant"", ""flowing"", ""graceful"", ""seamless"", ""polished"", ""effortless"", ""simple"", ""silky"", ""classic"", ""gradual""]","Creative Agencies, Design Studios, Tech Companies, Startups, Fashion Brands, Lifestyle Brands, Luxury Brands, Automotive, eCommerce, Retail, Entertainment, Media, Streaming Services, Gaming, Health, Fitness, Wellness, Education, Finance, Banking, SaaS, Real Estate, Architecture, Hospitality, Travel, Events, Conferences, Festivals, Nonprofits, Art, Culture, Museums, Restaurants, Beauty, Cosmetics, Music, Performing Arts, Interior Design, Home Decor, Marketing & Consulting Agencies, Environmental & Sustainability Initiatives, Wedding & Event, Corporate Websites.","Hero, Product Section, Services Section, Feature Gallery, Gallery, Cards, Portfolio, How it works",Gallery-and-Carousel/ClassicHorizontalScroll.html,"[""horizontal scroll"", ""smooth"", ""clean"", ""elegant"", ""flowing"", ""graceful"", ""seamless"", ""polished"", ""effortless"", ""simple"", ""silky""]",2026-08-30T11:27:44
corner fold scroll animation,"scale, size change, grow/shrink, rescale, mouse effect effect","[""dynamic"", ""energetic"", ""continuous"", ""flowing"", ""smooth"", ""circular"", ""silky"", ""effortless"", ""gradual"", ""playful"", ""modern"", ""elegant"", ""poppy""]","Creative Agencies, Design Studios, Tech Companies, Startups, Fashion Brands, Lifestyle Brands, Luxury Brands, eCommerce, Retail, Entertainment, Fitness, Wellness, SaaS, Real Estate, Architecture, Travel, Events, Conferences, Festivals, Nonprofits, Art, Culture, Museums, Restaurants, Beauty, Cosmetics, Music, Performing Arts, Interior Design, Home Decor, Marketing & Consulting Agencies, Wedding & Event,.","Hero,Product Section, Services Section, Feature Gallery, Cards, Interactive Cards, Portfolio",Gallery-and-Carousel/CornerFoldScrollAnimation.html,"[""dynamic"", ""energetic"", ""continuous"", ""flowing"", ""smooth"", ""circular"", ""silky"", ""effortless"", ""gradual"", ""playful"", ""modern""]",2026-08-30T11:28:04
Shape scroll,"scroll, turn, swivel, rotate 360, roll","[""bold"", ""graphic"", ""expressive"", ""surprising"", ""energetic"", ""dynamic"", ""interactive"", ""fun"", ""poppy"", ""flowing"", ""effortless""]","Creative Agencies, Design Studios, Tech Companies, Startups, Fashion Brands, Lifestyle Brands, Luxury Brands, eCommerce, Entertainment, Fitness, Wellness, Real Estate, Architecture, Travel, Events, Festivals, Art, Culture, Museums, Restaurants, Beauty, Cosmetics, Music, Performing Arts, Interior Design, Home Decor, Wedding & Event,.","Hero, Feature Gallery, Gallery, Cards, Interactive Cards, Portfolio",Gallery-and-Carousel/ShapeScroll.html,"[""playful"", ""bold"", ""graphic"", ""expressive"", ""surprising"", ""energetic"", ""dynamic"", ""interactive"", ""fun"", ""poppy"", ""flowing""]",2026-08-30T13:12:42
3D rotating fan ,,"[""playful"", ""3d effect"", ""cool"", ""dynamic"", ""energetic"", ""interactive"", ""fun"", ""poppy"", ""flowing"", ""modern"", ""edgy"", ""layered"", ""dimensional""]","Creative Agencies, Design Studios, Tech Companies, Startups, Fashion Brands, Lifestyle Brands, Luxury Brands, Automotive, eCommerce, Retail, Entertainment, Media, Streaming Services, Gaming, Health, Fitness, Wellness, Education, Finance, Banking, SaaS, Real Estate, Architecture, Hospitality, Travel, Events, Conferences, Festivals, Nonprofits, Art, Culture, Museums, Restaurants, Beauty, Cosmetics, Music, Performing Arts, Interior Design, Home Decor, Marketing & Consulting Agencies, Environmental & Sustainability Initiatives, Wedding & Event, Corporate Websites.","Hero, gallery, Product Section, Services Section, Case Studies,, About, Team, How It Works, Testimonials, Feature Gallery, Gallery, Cards, Interactive Cards, Portfolio",,,
3D room,"cross out, crisscross, cross swing, pass screen","[""playful"", ""interactive"", ""bold"", ""graphic"", ""expressive"", ""3d effect"", ""circular"", ""zoom"", ""depth"", ""experimental"", ""elegant"", ""immersive"", ""layered"", ""dimensional""]","Creative Agencies, Design Studios, Tech Companies, Startups, Fashion Brands, Lifestyle Brands, Luxury Brands, Automotive, eCommerce, Retail, Entertainment, Media, Streaming Services, Gaming, Health, Fitness, Wellness, Education, Finance, Banking, SaaS, Real Estate, Architecture, Hospitality, Travel, Events, Conferences, Festivals, Nonprofits, Art, Culture, Museums, Restaurants, Beauty, Cosmetics, Music, Performing Arts, Interior Design, Home Decor, Marketing & Consulting Agencies, Environmental & Sustainability Initiatives, Wedding & Event, Corporate Websites.","Hero, gallery, Product Section, Services Section, Case Studies,, About, Team, How It Works, Testimonials, Feature Gallery, Gallery, Cards, Interactive Cards, Portfolio",,,
Small carousel,"sweep, drift, slide in, glide in, smooth slide","[""smooth"", ""inspirational"", ""flowing"", ""elegant"", ""seamless"", ""polished"", ""effortless"", ""silky"", ""depth"", ""futuristic"", ""innovative"", ""bold"", ""techy""]","Creative Agencies, Design Studios, Tech Companies, Startups, Fashion Brands, Lifestyle Brands, Luxury Brands, eCommerce, Gaming, Fitness, SaaS, Travel, Festivals, Art, Beauty, Cosmetics, Music","Hero, Product Section, Services Section, Team, Testimonials,, Cards, Interactive Cards, Portfolio",Gallery-and-Carousel/SmallCarousel.html,,2026-08-30T13:14:46
acordion scroll,"depth scroll, layered scroll, parallax scroll, 3D scroll, background shift","[""dynamic"", ""interactive"", ""fun"", ""poppy"", ""flowing"", ""sophisticated"", ""modern"", ""spatial"", ""depth"", ""alive"", ""playful"", ""edgy""]","Creative Agencies, Design Studios, Tech Companies, Startups, Fashion Brands, Lifestyle Brands, Luxury Brands, Automotive, eCommerce, Retail, Entertainment, Media, Streaming Services, Gaming, Health, Fitness, Wellness, Education, Finance, Banking, SaaS, Real Estate, Architecture, Hospitality, Travel, Events, Conferences, Festivals, Nonprofits, Art, Culture, Museums, Restaurants, Beauty, Cosmetics, Music, Performing Arts, Interior Design, Home Decor, Marketing & Consulting Agencies, Environmental & Sustainability Initiatives, Wedding & Event, Corporate Websites.","Product Section, Services Section, Team, Testimonials, Feature Gallery, Gallery, Cards, Interactive Cards, Portfolio",Gallery-and-Carousel/AccordionScrollHorizontal.html,"[""dynamic"", ""interactive"", ""fun"", ""poppy"", ""flowing"", ""sophisticated"", ""modern"", ""spatial"", ""depth"", ""gradual"", ""alive""]",2026-08-30T11:19:26
Digital Jukebox,"grow, enlarge, open, scale up, pop open","[""revealing"", ""vertical"", ""confident"", ""impactful"", ""creative"", ""bold"", ""spiraling"", ""expressive"", ""depth"", ""layering"", ""circular"", ""cool""]","Creative Agencies, Design Studios, Tech Companies, Startups, Fashion Brands, Lifestyle Brands, Luxury Brands, eCommerce, Entertainment, Gaming, Architecture, Travel, Events, Festivals, Art, Culture, Museums, Beauty, Music, Performing Arts, Interior Design, Home Decor","Home Page, Gallery, Product Section, Services Section, Feature Gallery, Gallery, Cards, Interactive Cards, Portfolio",Gallery-and-Carousel/DigitalJukebox.html,"[""revealing"", ""vertical"", ""confident"", ""impactful"", ""creative"", ""bold"", ""spiraling"", ""expressive"", ""depth"", ""layering"", ""circular""]",2026-08-30T11:34:07
Vertical/ horizontal lanes ,,"[""smooth"", ""gentle"", ""elegant"", ""soft"", ""clean"", ""refined"", ""graceful"", ""classic"", ""high-end"", ""modern"", ""silky"", ""endless"", ""immersive"", ""continuous"", ""flowing"", ""simple""]","Creative Agencies, Design Studios, Tech Companies, Startups, Fashion Brands, Lifestyle Brands, Luxury Brands, Automotive, eCommerce, Retail, Entertainment, Media, Streaming Services, Gaming, Health, Fitness, Wellness, Education, Finance, Banking, SaaS, Real Estate, Architecture, Hospitality, Travel, Events, Conferences, Festivals, Nonprofits, Art, Culture, Museums, Restaurants, Beauty, Cosmetics, Music, Performing Arts, Interior Design, Home Decor, Marketing & Consulting Agencies, Environmental & Sustainability Initiatives, Wedding & Event, Corporate Websites.","Home Page, Product Section, Feature Gallery, Gallery",Gallery-and-Carousel/VerticalLanes.html,"[""smooth"", ""gentle"", ""subtle"", ""elegant"", ""soft"", ""clean"", ""refined"", ""graceful"", ""classic"", ""high-end"", ""modern"", ""silky"", ""endless"", ""immersive"", ""continuous""]",2026-08-30T11:11:17
Vertical/ horizontal lanes ,,"[""smooth"", ""gentle"", ""subtle"", ""elegant"", ""soft"", ""clean"", ""refined"", ""graceful"", ""classic"", ""high-end"", ""modern"", ""silky"", ""endless"", ""immersive"", ""continuous""]","Creative Agencies, Design Studios, Tech Companies, Startups, Fashion Brands, Lifestyle Brands, Luxury Brands, Automotive, eCommerce, Retail, Entertainment, Media, Streaming Services, Gaming, Health, Fitness, Wellness, Education, Finance, Banking, SaaS, Real Estate, Architecture, Hospitality, Travel, Events, Conferences, Festivals, Nonprofits, Art, Culture, Museums, Restaurants, Beauty, Cosmetics, Music, Performing Arts, Interior Design, Home Decor, Marketing & Consulting Agencies, Environmental & Sustainability Initiatives, Wedding & Event, Corporate Websites.","Home Page, Product Section, Feature Gallery, Gallery",Gallery-and-Carousel/HorizontalLanes.html,,2026-08-30T13:14:22
Endless Parallax,,"[""playful"", ""bold"", ""3d"", ""expressive"", ""innovative"", ""interactive"", ""dynamic"", ""edgy"", ""fun"", ""futuristic"", ""flowless"", ""unconventional"", ""attention-grabbing"", ""graphic""]","Creative Agencies, Design Studios, Fashion Brands, Lifestyle Brands, Luxury Brands, Media, Architecture, Travel, Events, Conferences, Festivals,, Art, Culture, Museums, Restaurants, Beauty, Cosmetics, Music, Performing Arts, Interior Design, Home Decor, , Wedding & Event","Home Page, Hero,Gallery, Cards, Portfolio",Gallery-and-Carousel/EndlessParallax.html,"[""playful"", ""bold"", ""3d"", ""expressive"", ""innovative"", ""interactive"", ""dynamic"", ""edgy"", ""fun"", ""futuristic"", ""flowless""]",2026-08-30T13:00:55
horziontally scrolling image gallery,"throb, beat, heartbeat, pulsate, pulse glow","[""horizontal"", ""organic"", ""playful"", ""fun"", ""smooth"", ""groovy"", ""shape"", ""zoom"", ""interactive"", ""modern"", ""innovative"", ""bold"", ""edgy"", ""sophisticated"", ""dynamic"", ""futuristic""]","Creative Agencies, Design Studios, Tech Companies, Startups, Fashion Brands, Lifestyle Brands, Luxury Brands, Automotive, eCommerce, Retail, Entertainment, Media, Streaming Services, Gaming, Health, Fitness, Wellness, Education, Finance, Banking, SaaS, Real Estate, Architecture, Hospitality, Travel, Events, Conferences, Festivals, Nonprofits, Art, Culture, Museums, Restaurants, Beauty, Cosmetics, Music, Performing Arts, Interior Design, Home Decor, Marketing & Consulting Agencies, Environmental & Sustainability Initiatives, Wedding & Event, Corporate Websites.","Hero, Product Section, Services Section, Team, Feature Gallery, Gallery, Cards, Interactive Cards, Portfolio",Gallery-and-Carousel/HorizontallyScrollingGallery.html,"[""horizontal"", ""organic"", ""playful"", ""fun"", ""smooth"", ""groovy"", ""shape"", ""zoom"", ""interactive"", ""modern"", ""innovative"", ""bold"", ""edgy"", ""sophisticated""]",2026-08-30T13:07:23
Accordion Scroll Vertical,"rotate, whirl, turn, twirl, scroll 360","[""playful"", ""dynamic"", ""interactive"", ""eye-catching"", ""fun"", ""creative"", ""unconventional"", ""artistic"", ""experimental"", ""surprising"", ""expressive""]","Creative Agencies, Design Studios, Tech Companies, Startups, Fashion Brands, Lifestyle Brands, Luxury Brands, Automotive, eCommerce, Retail, Entertainment, Media, Streaming Services, Gaming, Health, Fitness, Wellness, Education, Finance, Banking, SaaS, Real Estate, Architecture, Hospitality, Travel, Events, Conferences, Festivals, Nonprofits, Art, Culture, Museums, Restaurants, Beauty, Cosmetics, Music, Performing Arts, Interior Design, Home Decor, Marketing & Consulting Agencies, Environmental & Sustainability Initiatives, Wedding & Event, Corporate Websites.","Product Section, Services Section, Feature Gallery, Gallery, Cards, Interactive Cards, Portfolio",Gallery-and-Carousel/AccordionScrollVertical.html,"[""playful"", ""dynamic"", ""interactive"", ""eye-catching"", ""fun"", ""creative"", ""unconventional"", ""artistic"", ""experimental""]",2026-08-30T11:18:44
Wheel Carousel,"shake, wobble, jiggle, shimmy, waver","[""smooth"", ""flowing"", ""elegant"", ""seamless"", ""polished"", ""gentle"", ""soft"", ""clean""]","Creative Agencies, Design Studios, Tech Companies, Startups, Fashion Brands, Lifestyle Brands, Luxury Brands, Automotive, eCommerce, Retail, Entertainment, Media, Streaming Services, Gaming, Health, Fitness, Wellness, Education, Finance, Banking, SaaS, Real Estate, Architecture, Hospitality, Travel, Events, Conferences, Festivals, Nonprofits, Art, Culture, Museums, Restaurants, Beauty, Cosmetics, Music, Performing Arts, Interior Design, Home Decor, Marketing & Consulting Agencies, Environmental & Sustainability Initiatives, Wedding & Event, Corporate Websites.","Hero, gallery, Product Section, Services Section, Case Studies,, About, Team, How It Works, Testimonials, Feature Gallery, Gallery, Cards, Interactive Cards, Portfolio",Gallery-and-Carousel/WheelCarousel.html,,2026-08-30T13:14:17
3D small carousel ,"slant, shear, tilt, distort, bias","[""edgy"", ""3d"", ""depth"", ""creative"", ""unconventional"", ""artistic"", ""experimental"", ""bold"", ""modern"", ""continuous"", ""high-end"", ""techy"", ""immersive"", ""dynamic"", ""endless"", ""expressive"", ""impactful""]","Creative Agencies, Design Studios, Tech Companies, Startups, Fashion Brands, Lifestyle Brands, Luxury Brands, Automotive, eCommerce, Retail, Entertainment, Media, Streaming Services, Gaming, Health, Fitness, Wellness, Education, Finance, Banking, SaaS, Real Estate, Architecture, Hospitality, Travel, Events, Conferences, Festivals, Nonprofits, Art, Culture, Museums, Restaurants, Beauty, Cosmetics, Music, Performing Arts, Interior Design, Home Decor, Marketing & Consulting Agencies, Environmental & Sustainability Initiatives, Wedding & Event, Corporate Websites.","Hero, gallery, Product Section, Services Section, Case Studies,, About, Team, How It Works, Testimonials, Feature Gallery, Gallery, Cards, Interactive Cards, Portfolio",Gallery-and-Carousel/3DSmallCarousel.html,"[""edgy"", ""3d"", ""depth"", ""creative"", ""unconventional"", ""artistic"", ""experimental"", ""bold"", ""modern"", ""continuous"", ""high-end"", ""techy""]",2026-08-30T11:17:10
Looped tabs with perspective,"reduce, scale down, minimize, contract, collapse","[""smooth"", ""flowing"", ""clean"", ""organized"", ""structured"", ""elegant"", ""soft"", ""refined"", ""understated"", ""gentle"", ""classic"", ""effortless""]","Creative Agencies, Design Studios, Tech Companies, Startups, Fashion Brands, Lifestyle Brands, Luxury Brands, Automotive, eCommerce, Retail, Entertainment, Media, Streaming Services, Gaming, Health, Fitness, Wellness, Education, Finance, Banking, SaaS, Real Estate, Architecture, Hospitality, Travel, Events, Conferences, Festivals, Nonprofits, Art, Culture, Museums, Restaurants, Beauty, Cosmetics, Music, Performing Arts, Interior Design, Home Decor, Marketing & Consulting Agencies, Environmental & Sustainability Initiatives, Wedding & Event, Corporate Websites.","Product Section, Services Section, Team, Feature Gallery, Gallery, Cards, Interactive Cards, Portfolio",Gallery-and-Carousel/LoopedTabsWithPerspective.html,"[""smooth"", ""flowing"", ""clean"", ""organized"", ""structured"", ""elegant"", ""soft""]",2026-08-30T13:08:08
3D_Parallax_Gallery,,"[""depth"", ""3d"", ""dimensional"", ""interactive"", ""alive"", ""playful"", ""perspective"", ""layered"", ""polished"", ""structured"", ""organized"", ""cool"", ""poppy"", ""energetic""]",,,Gallery-and-Carousel/3D_Parallax_Gallery.html,"[""depth"", ""3d"", ""dimensional"", ""interactive"", ""alive"", ""playful"", ""perspective"", ""layered"", ""polished"", ""structured"", ""organized"", ""cool""]",2026-08-30T11:17:42
BlurFocus_Gallery,,"[""revealing"", ""smooth"", ""interactive"", ""alive"", ""polished"", ""staggered"", ""structured"", ""organized"", ""subtle"", ""elegant"", ""playful""]",,,Gallery-and-Carousel/BlurFocus_Gallery.html,"[""revealing"", ""smooth"", ""interactive"", ""transformative"", ""alive"", ""polished"", ""zoom"", ""staggered"", ""structured"", ""organized"", ""subtle"", ""elegant""]",2026-08-30T11:20:54
CardSpreadByHover,,"[""smooth"", ""elegant"", ""horizontal"", ""clean"", ""polished"", ""interactive"", ""layered"", ""revealing"", ""effortless"", ""silky"", ""refined"", ""flowing"", ""impactful""]",,,Gallery-and-Carousel/CardSpreadByHover.html,"[""smooth"", ""elegant"", ""horizontal"", ""clean"", ""polished"", ""interactive"", ""layered"", ""revealing"", ""effortless"", ""silky"", ""refined"", ""flowing""]",2026-08-30T11:23:06
CardSpread_7,,"[""bold"", ""circular"", ""impactful"", ""graphic"", ""dynamic"", ""layered"", ""revealing"", ""gradual"", ""spiraling"", ""futuristic"", ""attention-grabbing"", ""techy"", ""flowing""]",,,Gallery-and-Carousel/CardSpread_7.html,,2026-08-30T11:22:42
CasperGallery,,"[""playful"", ""alive"", ""surprising"", ""interactive"", ""poppy"", ""endless"", ""experimental"", ""staggered"", ""revealing"", ""energetic"", ""immersive"", ""fun"", ""expressive"", ""edgy"", ""dynamic"", ""graphic"", ""cool"", ""charming""]",,,Gallery-and-Carousel/CasperGallery.html,"[""playful"", ""alive"", ""surprising"", ""interactive"", ""poppy"", ""endless"", ""experimental"", ""staggered"", ""zoom"", ""revealing"", ""organic"", ""energetic"", ""immersive""]",2026-08-30T11:27:25
Cornergallery01,,"[""immersive"", ""revealing"", ""zoom"", ""interactive"", ""impactful"", ""continuous"", ""transformative"", ""alive"", ""endless"", ""seamless""]",,,Gallery-and-Carousel/Cornergallery01.html,"[""immersive"", ""revealing"", ""zoom"", ""interactive"", ""impactful"", ""continuous"", ""transformative"", ""alive"", ""endless"", ""bold"", ""expressive"", ""seamless""]",2026-08-30T11:28:38
CursorTrail,,"[""playful"", ""interactive"", ""alive"", ""poppy"", ""surprising"", ""revealing"", ""cascading"", ""fun"", ""clean"", ""charming"", ""groovy"", ""edgy"", ""dynamic"", ""modern""]",,,Gallery-and-Carousel/CursorTrail.html,"[""playful"", ""interactive"", ""alive"", ""poppy"", ""surprising"", ""zoom"", ""revealing"", ""cascading"", ""organic"", ""fun"", ""clean"", ""minimal""]",2026-08-30T11:29:10
DiagonalShuffle,,"[""dynamic"", ""smooth"", ""staggered"", ""cascading"", ""depth"", ""gradual"", ""polished"", ""zoom"", ""playful"", ""energetic"", ""clean"", ""dimensional"", ""layered"", ""elegant""]",,,Gallery-and-Carousel/DiagonalShuffle.html,"[""dynamic"", ""smooth"", ""staggered"", ""cascading"", ""depth"", ""gradual"", ""polished"", ""zoom"", ""playful"", ""energetic"", ""clean"", ""dimensional""]",2026-08-30T11:29:33
DolphinAnimation,,"[""playful"", ""revealing"", ""alive"", ""interactive"", ""organic"", ""surprising"", ""fun"", ""groovy"", ""transformative"", ""vertical"", ""clean"", ""poppy"", ""expressive"", ""modern"", ""innovative"", ""edgy""]",,,Gallery-and-Carousel/DolphinAnimation.html,"[""playful"", ""revealing"", ""alive"", ""interactive"", ""organic"", ""surprising"", ""fun"", ""groovy"", ""transformative"", ""vertical"", ""clean"", ""poppy""]",2026-08-30T11:34:23
FadeInGallery,,"[""immersive"", ""zoom"", ""smooth"", ""revealing"", ""continuous"", ""interactive"", ""impactful"", ""seamless"", ""endless"", ""alive"", ""polished"", ""transformative"", ""classic""]",,,Gallery-and-Carousel/FadeInGallery.html,"[""immersive"", ""zoom"", ""smooth"", ""revealing"", ""continuous"", ""interactive"", ""impactful"", ""seamless"", ""endless"", ""alive"", ""polished"", ""transformative""]",2026-08-30T13:05:50
FerrisWheel,,"[""circular"", ""endless"", ""continuous"", ""gradual"", ""flowing"", ""seamless"", ""spiraling"", ""playful"", ""smooth"", ""effortless"", ""structured"", ""organized"", ""clean""]",,,Gallery-and-Carousel/FerrisWheel.html,"[""circular"", ""endless"", ""continuous"", ""gradual"", ""flowing"", ""seamless"", ""spiraling"", ""playful"", ""smooth"", ""effortless"", ""structured"", ""organized""]",2026-08-30T13:06:14
HorizontalCarouselPerspective,,"[""depth"", ""3d"", ""dimensional"", ""spatial"", ""perspective"", ""layered"", ""horizontal"", ""gradual"", ""flowing"", ""continuous"", ""clean"", ""elegant"", ""high-end"", ""modern"", ""calm""]",,,Gallery-and-Carousel/HorizontalCarouselPerspective.html,"[""depth"", ""3d"", ""dimensional"", ""spatial"", ""perspective"", ""layered"", ""horizontal"", ""gradual"", ""flowing"", ""continuous"", ""effortless"", ""clean"", ""elegant""]",2026-08-30T13:06:50
Interactive_ Rotating_Gallery_Grid,,"[""interactive"", ""alive"", ""depth"", ""dimensional"", ""spatial"", ""perspective"", ""layered"", ""smooth"", ""polished"", ""structured"", ""organized"", ""staggered"", ""playful"", ""immersive""]",,,Gallery-and-Carousel/Interactive_ Rotating_Gallery_Grid.html,"[""interactive"", ""alive"", ""depth"", ""dimensional"", ""spatial"", ""perspective"", ""layered"", ""smooth"", ""polished"", ""structured"", ""organized"", ""staggered"", ""playful""]",2026-08-30T13:07:44
Looping_Sphere_Gallery,,"[""immersive"", ""depth"", ""3d"", ""dimensional"", ""spatial"", ""zoom"", ""endless"", ""continuous"", ""futuristic"", ""techy"", ""edgy"", ""alive"", ""bold"", ""graphic"", ""layered"", ""dynamic"", ""experimental""]",,,Gallery-and-Carousel/Looping_Sphere_Gallery.html,"[""immersive"", ""depth"", ""3d"", ""dimensional"", ""spatial"", ""zoom"", ""endless"", ""continuous"", ""futuristic"", ""techy"", ""edgy"", ""alive""]",2026-08-30T13:08:51
MantaRay,,"[""organic"", ""staggered"", ""endless"", ""continuous"", ""flowing"", ""horizontal"", ""gentle"", ""smooth"", ""playful"", ""alive"", ""interactive"", ""zoom"", ""seamless"", ""modern"", ""poppy"", ""fun"", ""surprising"", ""edgy""]",,,Gallery-and-Carousel/MantaRay.html,"[""organic"", ""staggered"", ""endless"", ""continuous"", ""flowing"", ""horizontal"", ""gentle"", ""smooth"", ""playful"", ""alive"", ""interactive"", ""zoom"", ""seamless""]",2026-08-30T13:09:15
Mirror_Hover_Galery,,"[""interactive"", ""alive"", ""surprising"", ""staggered"", ""structured"", ""organized"", ""smooth"", ""polished"", ""silky"", ""effortless"", ""zoom"", ""unique"", ""cool""]",,,Gallery-and-Carousel/Mirror_Hover_Galery.html,,2026-08-30T13:09:36
Mouse track infinite gallery,,"[""endless"", ""continuous"", ""flowing"", ""fluid"", ""immersive"", ""effortless"", ""smooth"", ""organic"", ""revealing"", ""interactive"", ""alive"", ""minimal"", ""clean"", ""graceful"", ""horizontal""]",,,Gallery-and-Carousel/Mouse track infinite gallery.html,"[""endless"", ""continuous"", ""flowing"", ""fluid"", ""immersive"", ""effortless"", ""smooth"", ""organic"", ""revealing"", ""interactive"", ""alive"", ""minimal"", ""clean""]",2026-08-30T13:10:07
Paragraph_Reaveal,,"[""elegant"", ""refined"", ""gradual"", ""revealing"", ""soft"", ""clean"", ""minimal"", ""sophisticated"", ""graceful"", ""effortless"", ""staggered"", ""unique"", ""high-end"", ""smooth"", ""subtle"", ""silky"", ""edgy""]",,,Gallery-and-Carousel/Paragraph_Reaveal.html,"[""elegant"", ""refined"", ""gradual"", ""revealing"", ""soft"", ""clean"", ""minimal"", ""sophisticated"", ""graceful"", ""flowing"", ""continuous"", ""effortless"", ""staggered""]",2026-08-30T13:11:26
Scroll_3D_Animation,,"[""depth"", ""3d"", ""dimensional"", ""perspective"", ""layered"", ""horizontal"", ""gradual"", ""flowing"", ""continuous"", ""smooth"", ""subtle"", ""effortless""]",,,Gallery-and-Carousel/Scroll_3D_Animation.html,"[""depth"", ""3d"", ""dimensional"", ""spatial"", ""perspective"", ""layered"", ""horizontal"", ""gradual"", ""flowing"", ""continuous"", ""smooth"", ""subtle"", ""effortless""]",2026-08-30T13:11:53
SnakeAnimation,,"[""alive"", ""zoom"", ""revealing"", ""transformative"", ""smooth"", ""gentle"", ""dynamic"", ""organic"", ""staggered"", ""immersive"", ""impactful"", ""surprising"", ""unique"", ""charming"", ""calm""]",,,Gallery-and-Carousel/SnakeAnimation.html,"[""alive"", ""zoom"", ""revealing"", ""transformative"", ""smooth"", ""gentle"", ""playful"", ""dynamic"", ""organic"", ""staggered"", ""immersive"", ""impactful""]",2026-08-30T13:15:26
SpecimenCardGallery,,"[""elegant"", ""refined"", ""smooth"", ""polished"", ""depth"", ""dimensional"", ""revealing"", ""layered"", ""silky"", ""horizontal"", ""minimal"", ""calm"", ""gradual"", ""classic""]",,,Gallery-and-Carousel/SpecimenCardGallery.html,"[""elegant"", ""refined"", ""smooth"", ""polished"", ""depth"", ""3d"", ""dimensional"", ""perspective"", ""revealing"", ""layered"", ""silky"", ""horizontal"", ""minimal""]",2026-08-30T13:15:55
Vertical3Dcards,,"[""dynamic"", ""bold"", ""smooth"", ""playful"", ""3d"", ""depth"", ""dimensional"", ""perspective"", ""vertical"", ""revealing"", ""layered"", ""graphic"", ""confident"", ""futuristic"", ""attention-grabbing""]",,,Gallery-and-Carousel/Vertical3Dcards.html,"[""dynamic"", ""bold"", ""smooth"", ""playful"", ""3d"", ""depth"", ""dimensional"", ""perspective"", ""vertical"", ""revealing"", ""layered"", ""graphic""]",2026-08-30T13:18:39
WindowScroll,,"[""3d"", ""depth"", ""dimensional"", ""layered"", ""gradual"", ""continuous"", ""flowing"", ""immersive"", ""bold"", ""poppy"", ""impactful""]",,,Gallery-and-Carousel/WindowScroll.html,"[""3d"", ""depth"", ""dimensional"", ""spatial"", ""perspective"", ""layered"", ""gradual"", ""continuous"", ""flowing"", ""immersive"", ""bold"", ""poppy"", ""impactful""]",2026-08-30T13:13:53
blow-masthead-header,,"[""elegant"", ""classic"", ""sophisticated"", ""high-end"", ""refined"", ""minimal"", ""graphic"", ""gradual"", ""continuous"", ""effortless"", ""transformative""]",,,Headers/blow-masthead-header.html,"[""elegant"", ""classic"", ""sophisticated"", ""high-end"", ""refined"", ""minimal"", ""graphic"", ""gradual"", ""continuous"", ""effortless"", ""transformative"", ""revealing"", ""vertical""]",2026-08-30T13:18:57
capezzani-wordmark-header,,"[""subtle"", ""understated"", ""elegant"", ""classic"", ""refined"", ""minimal"", ""clean"", ""sophisticated"", ""gradual"", ""continuous"", ""effortless"", ""transformative""]",,,Headers/capezzani-wordmark-header.html,"[""subtle"", ""understated"", ""elegant"", ""classic"", ""refined"", ""minimal"", ""clean"", ""sophisticated"", ""gradual"", ""continuous"", ""effortless"", ""transformative"", ""vertical""]",2026-08-30T13:19:17
collapsing-logo-header,,"[""polished"", ""refined"", ""smooth"", ""clean"", ""minimal"", ""poppy"", ""effortless"", ""transformative"", ""horizontal"", ""silky"", ""subtle"", ""organic"", ""elegant""]",,,Headers/collapsing-logo-header.html,"[""polished"", ""refined"", ""smooth"", ""interactive"", ""clean"", ""minimal"", ""playful"", ""alive"", ""poppy"", ""silky"", ""effortless"", ""transformative"", ""horizontal""]",2026-08-30T13:21:34
invert-header,,"[""subtle"", ""clean"", ""minimal"", ""understated"", ""refined"", ""elegant"", ""confident"", ""smooth"", ""transformative"", ""revealing"", ""graphic""]",,,Headers/invert-header.html,"[""subtle"", ""clean"", ""minimal"", ""understated"", ""refined"", ""elegant"", ""confident"", ""smooth"", ""gradual"", ""continuous"", ""transformative"", ""revealing"", ""graphic""]",2026-08-27T16:48:34
scroll-side-reveal-header,,"[""clean"", ""minimal"", ""subtle"", ""understated"", ""refined"", ""elegant"", ""smooth"", ""seamless"", ""gradual"", ""revealing"", ""transformative"", ""horizontal"", ""modern""]",,,Headers/scroll-side-reveal-header.html,"[""clean"", ""minimal"", ""subtle"", ""understated"", ""refined"", ""elegant"", ""smooth"", ""seamless"", ""gradual"", ""revealing"", ""transformative"", ""horizontal""]",2026-08-30T13:21:58
spectrum-collapse-header,,"[""bold"", ""impactful"", ""graphic"", ""confident"", ""clean"", ""minimal"", ""structured"", ""smooth"", ""gradual"", ""continuous"", ""transformative"", ""vertical""]",,,Headers/spectrum-collapse-header.html,,2026-08-30T13:22:17
visionaire-logo-header,,"[""smooth"", ""polished"", ""refined"", ""clean"", ""minimal"", ""playful"", ""poppy"", ""energetic"", ""revealing"", ""transformative"", ""circular"", ""zoom"", ""horizontal"", ""subtle"", ""organic"", ""elegant""]",,,Headers/visionaire-logo-header.html,"[""smooth"", ""polished"", ""refined"", ""clean"", ""minimal"", ""playful"", ""poppy"", ""energetic"", ""revealing"", ""transformative"", ""circular"", ""zoom"", ""horizontal""]",2026-08-30T13:22:36
wordmark-handoff-header,,"[""clean"", ""minimal"", ""understated"", ""refined"", ""subtle"", ""elegant"", ""polished"", ""smooth"", ""gradual"", ""structured"", ""organized"", ""transformative"", ""gentle"", ""soft"", ""calm"", ""high-end""]",,,Headers/wordmark-handoff-header.html,"[""clean"", ""minimal"", ""understated"", ""refined"", ""subtle"", ""elegant"", ""polished"", ""smooth"", ""gradual"", ""structured"", ""organized"", ""transformative""]",2026-08-30T13:22:57
3d-blinds-flip-reveal,,"[""bold"", ""impactful"", ""confident"", ""dynamic"", ""techy"", ""polished"", ""smooth"", ""depth"", ""3d"", ""dimensional"", ""layered"", ""revealing"", ""staggered"", ""graphic"", ""edgy"", ""futuristic"", ""attention-grabbing"", ""expressive"", ""immersive"", ""cool""]",,,Image_Background/3d-blinds-flip-reveal.html,"[""bold"", ""impactful"", ""confident"", ""dynamic"", ""techy"", ""polished"", ""smooth"", ""depth"", ""3d"", ""dimensional"", ""layered"", ""revealing"", ""staggered""]",2026-08-30T14:06:08
BG_Image_ShapeMask_Gallery,,"[""elegant"", ""refined"", ""calm"", ""gentle"", ""soft"", ""minimal"", ""smooth"", ""gradual"", ""continuous"", ""revealing"", ""shape"", ""organic"", ""transformative"", ""modern"", ""sophisticated""]",,,Image_Background/BG_Image_ShapeMask_Gallery.html,"[""elegant"", ""refined"", ""calm"", ""gentle"", ""soft"", ""minimal"", ""smooth"", ""gradual"", ""continuous"", ""revealing"", ""shape"", ""organic"", ""transformative""]",2026-08-30T14:07:37
BG_image_ShapeMask,,"[""elegant"", ""refined"", ""calm"", ""gentle"", ""soft"", ""minimal"", ""smooth"", ""gradual"", ""revealing"", ""shape"", ""organic"", ""subtle"", ""classic""]",,,Image_Background/BG_image_ShapeMask.html,"[""elegant"", ""refined"", ""calm"", ""gentle"", ""soft"", ""minimal"", ""smooth"", ""gradual"", ""revealing"", ""shape"", ""organic"", ""subtle""]",2026-08-30T14:07:21
Diagonal_Slideshow,,"[""bold"", ""edgy"", ""cool"", ""sophisticated"", ""expressive"", ""artistic"", ""dynamic"", ""futuristic"", ""gradual"", ""revealing"", ""transformative"", ""layered"", ""staggered"", ""graphic"", ""impactful"", ""attention-grabbing"", ""techy""]",,,Image_Background/Diagonal_Slideshow.html,"[""bold"", ""edgy"", ""cool"", ""sophisticated"", ""expressive"", ""artistic"", ""dynamic"", ""futuristic"", ""gradual"", ""revealing"", ""transformative"", ""layered"", ""staggered""]",2026-08-30T14:08:39
Kinetic 155 Horizon,,"[""elegant"", ""refined"", ""calm"", ""minimal"", ""high-end"", ""smooth"", ""polished"", ""interactive"", ""alive"", ""depth"", ""perspective"", ""3d"", ""dimensional"", ""classic"", ""subtle"", ""clean"", ""soft"", ""gentle"", ""understated""]",,,Image_Background/Kinetic 155 Horizon.html,"[""elegant"", ""refined"", ""calm"", ""minimal"", ""high-end"", ""smooth"", ""polished"", ""interactive"", ""alive"", ""depth"", ""perspective"", ""3d"", ""dimensional""]",2026-08-30T14:10:09
TextMask2Image,,"[""bold"", ""impactful"", ""graphic"", ""attention-grabbing"", ""elegant"", ""clean"", ""smooth"", ""gradual"", ""zoom"", ""revealing"", ""transformative"", ""immersive"", ""cool"", ""high-end"", ""modern"", ""creative""]",,,Image_Background/TextMask2Image.html,"[""bold"", ""impactful"", ""graphic"", ""attention-grabbing"", ""elegant"", ""clean"", ""smooth"", ""gradual"", ""zoom"", ""revealing"", ""transformative"", ""immersive""]",2026-08-30T14:16:52
auto-shape-cycle,,"[""elegant"", ""refined"", ""clean"", ""sophisticated"", ""organic"", ""shape"", ""smooth"", ""continuous"", ""endless"", ""seamless"", ""gradual"", ""calm"", ""minimal"", ""soft"", ""gentle"", ""cloudy"", ""transformative"", ""graceful"", ""modern""]",,,Image_Background/auto-shape-cycle.html,"[""elegant"", ""refined"", ""clean"", ""sophisticated"", ""organic"", ""shape"", ""smooth"", ""continuous"", ""endless"", ""seamless"", ""gradual"", ""calm"", ""minimal""]",2026-08-30T13:47:16
column-squeeze-reveal,,"[""graphic"", ""elegant"", ""sophisticated"", ""high-end"", ""refined"", ""minimal"", ""structured"", ""gradual"", ""smooth"", ""transformative"", ""zoom"", ""revealing"", ""classic"", ""calm"", ""subtle"", ""understated"", ""shape"", ""soft"", ""gentle"", ""clean"", ""organic""]",,,Image_Background/column-squeeze-reveal.html,"[""bold"", ""graphic"", ""elegant"", ""sophisticated"", ""high-end"", ""refined"", ""minimal"", ""structured"", ""gradual"", ""smooth"", ""transformative"", ""zoom"", ""revealing""]",2026-08-30T13:55:33
dot-churn,,"[""poppy"", ""surprising"", ""graphic"", ""bold"", ""edgy"", ""artistic"", ""expressive"", ""unconventional"", ""endless"", ""continuous"", ""staggered"", ""alive"", ""energetic"", ""attention-grabbing"", ""futuristic""]",,,Image_Background/dot-churn.html,"[""playful"", ""poppy"", ""surprising"", ""graphic"", ""bold"", ""edgy"", ""artistic"", ""expressive"", ""unconventional"", ""endless"", ""continuous"", ""staggered"", ""alive""]",2026-08-30T14:09:04
horizontal-stripe-cascade-reveal,,"[""smooth"", ""polished"", ""dynamic"", ""confident"", ""clean"", ""minimal"", ""techy"", ""horizontal"", ""staggered"", ""cascading"", ""revealing"", ""zoom"", ""layered"", ""graphic"", ""futuristic"", ""cool""]",,,Image_Background/horizontal-stripe-cascade-reveal.html,"[""smooth"", ""polished"", ""dynamic"", ""confident"", ""clean"", ""minimal"", ""techy"", ""horizontal"", ""staggered"", ""cascading"", ""revealing"", ""zoom"", ""layered""]",2026-08-30T14:09:53
left-panel-slide-out-reveal,,"[""smooth"", ""elegant"", ""clean"", ""minimal"", ""refined"", ""calm"", ""understated"", ""polished"", ""horizontal"", ""revealing"", ""gradual"", ""layered"", ""subtle"", ""soft"", ""gentle"", ""classic""]",,,Image_Background/left-panel-slide-out-reveal.html,"[""smooth"", ""elegant"", ""clean"", ""minimal"", ""refined"", ""calm"", ""understated"", ""polished"", ""horizontal"", ""revealing"", ""gradual"", ""layered""]",2026-08-30T14:10:24
line-churn,,"[""bold"", ""graphic"", ""impactful"", ""edgy"", ""experimental"", ""creative"", ""endless"", ""continuous"", ""revealing"", ""transformative"", ""horizontal"", ""staggered"", ""structured"", ""artistic"", ""attention-grabbing"", ""techy"", ""dynamic"", ""cool"", ""unconventional"", ""surprising"", ""futuristic""]",,,Image_Background/line-churn.html,"[""bold"", ""graphic"", ""impactful"", ""edgy"", ""experimental"", ""creative"", ""endless"", ""continuous"", ""revealing"", ""transformative"", ""horizontal"", ""staggered"", ""structured""]",2026-08-30T14:09:29
lumina-orbit-scroll,,"[""elegant"", ""sophisticated"", ""high-end"", ""refined"", ""calm"", ""immersive"", ""classic"", ""depth"", ""3d"", ""dimensional"", ""perspective"", ""zoom"", ""gradual"", ""layered"", ""graceful"", ""modern""]",,,Image_Background/lumina-orbit-scroll.html,"[""elegant"", ""sophisticated"", ""high-end"", ""refined"", ""calm"", ""immersive"", ""classic"", ""depth"", ""3d"", ""dimensional"", ""perspective"", ""zoom"", ""gradual""]",2026-08-30T14:10:38
manifest-expand-scroll,,"[""bold"", ""impactful"", ""graphic"", ""confident"", ""refined"", ""high-end"", ""cool"", ""gradual"", ""revealing"", ""zoom"", ""transformative"", ""shape""]",,,Image_Background/manifest-expand-scroll.html,"[""bold"", ""impactful"", ""graphic"", ""confident"", ""minimal"", ""refined"", ""high-end"", ""cool"", ""gradual"", ""revealing"", ""zoom"", ""transformative"", ""shape""]",2026-08-30T14:12:32
manifest-expand-scroll_02,,"[""bold"", ""impactful"", ""graphic"", ""confident"", ""minimal"", ""refined"", ""cool"", ""gradual"", ""revealing"", ""zoom"", ""transformative"", ""shape"", ""organic"", ""expressive""]",,,Image_Background/manifest-expand-scroll_02.html,"[""bold"", ""impactful"", ""graphic"", ""confident"", ""minimal"", ""refined"", ""high-end"", ""cool"", ""gradual"", ""revealing"", ""zoom"", ""transformative"", ""shape""]",2026-08-30T14:12:53
pixel-churn,,"[""bold"", ""graphic"", ""impactful"", ""techy"", ""creative"", ""surprising"", ""expressive"", ""endless"", ""continuous"", ""staggered"", ""structured"", ""revealing"", ""edgy"", ""dynamic"", ""experimental"", ""attention-grabbing"", ""confident"", ""artistic"", ""futuristic""]",,,Image_Background/pixel-churn.html,"[""bold"", ""graphic"", ""impactful"", ""techy"", ""creative"", ""surprising"", ""expressive"", ""endless"", ""continuous"", ""staggered"", ""structured"", ""revealing""]",2026-08-30T14:14:20
rift-slit-reveal-02,,"[""elegant"", ""refined"", ""high-end"", ""bold"", ""sophisticated"", ""cool"", ""revealing"", ""shape"", ""zoom"", ""gradual"", ""staggered"", ""transformative"", ""smooth"", ""modern"", ""continuous""]",,,Image_Background/rift-slit-reveal-02.html,"[""elegant"", ""minimal"", ""refined"", ""high-end"", ""bold"", ""sophisticated"", ""cool"", ""revealing"", ""shape"", ""zoom"", ""gradual"", ""staggered"", ""transformative""]",2026-08-30T14:20:32
rift-slit-reveal,,"[""elegant"", ""refined"", ""high-end"", ""bold"", ""sophisticated"", ""cool"", ""revealing"", ""shape"", ""zoom"", ""gradual"", ""staggered"", ""transformative"", ""organic"", ""smooth"", ""modern""]",,,Image_Background/rift-slit-reveal.html,"[""elegant"", ""minimal"", ""refined"", ""high-end"", ""bold"", ""sophisticated"", ""cool"", ""revealing"", ""shape"", ""zoom"", ""gradual"", ""staggered"", ""transformative""]",2026-08-30T14:20:08
scroll-shape-morph,,"[""clean"", ""minimal"", ""creative"", ""elegant"", ""graphic"", ""refined"", ""shape"", ""transformative"", ""organic"", ""gradual"", ""revealing"", ""calm"", ""high-end"", ""sophisticated"", ""modern""]",,,Image_Background/scroll-shape-morph.html,"[""clean"", ""minimal"", ""playful"", ""creative"", ""elegant"", ""graphic"", ""refined"", ""shape"", ""transformative"", ""organic"", ""gradual"", ""revealing""]",2026-08-30T14:15:18
scroll-shape-shift-interior,,"[""elegant"", ""refined"", ""clean"", ""sophisticated"", ""minimal"", ""smooth"", ""gradual"", ""continuous"", ""revealing"", ""shape"", ""transformative"", ""organic"", ""modern"", ""high-end"", ""gentle"", ""subtle""]",,,Image_Background/scroll-shape-shift-interior.html,"[""elegant"", ""refined"", ""clean"", ""sophisticated"", ""minimal"", ""smooth"", ""gradual"", ""continuous"", ""revealing"", ""shape"", ""transformative"", ""organic""]",2026-08-30T14:15:54
staggered-stripes-reveal,,"[""bold"", ""impactful"", ""confident"", ""dynamic"", ""techy"", ""polished"", ""smooth"", ""seamless"", ""staggered"", ""cascading"", ""revealing"", ""zoom"", ""structured"", ""futuristic"", ""edgy"", ""graphic"", ""cool"", ""attention-grabbing"", ""expressive"", ""unique""]",,,Image_Background/staggered-stripes-reveal.html,"[""bold"", ""impactful"", ""confident"", ""dynamic"", ""techy"", ""polished"", ""smooth"", ""seamless"", ""staggered"", ""cascading"", ""revealing"", ""zoom"", ""structured""]",2026-08-30T14:15:35
sticky-perspective-shrink,,"[""elegant"", ""sophisticated"", ""refined"", ""high-end"", ""calm"", ""gradual"", ""depth"", ""perspective"", ""3d"", ""dimensional"", ""zoom"", ""modern"", ""immersive"", ""graceful""]",,,Image_Background/sticky-perspective-shrink.html,"[""elegant"", ""sophisticated"", ""refined"", ""high-end"", ""classic"", ""minimal"", ""calm"", ""gradual"", ""depth"", ""perspective"", ""3d"", ""dimensional"", ""zoom""]",2026-08-30T14:17:34
Column_Shutters,,"[""clean"", ""structured"", ""organized"", ""interactive"", ""bold"", ""graphic"", ""polished"", ""smooth"", ""refined"", ""staggered"", ""cascading"", ""horizontal"", ""alive"", ""techy"", ""elegant"", ""poppy"", ""futuristic"", ""cool"", ""modern""]",,,Lists/Column_Shutters.html,"[""clean"", ""structured"", ""organized"", ""interactive"", ""bold"", ""graphic"", ""polished"", ""smooth"", ""refined"", ""staggered"", ""cascading"", ""horizontal"", ""alive""]",2026-08-30T13:51:07
Flex_Cards,,"[""clean"", ""structured"", ""organized"", ""interactive"", ""bold"", ""graphic"", ""polished"", ""smooth"", ""refined"", ""staggered"", ""horizontal"", ""gradual"", ""alive"", ""minimal"", ""elegant"", ""effortless"", ""subtle""]",,,Lists/Flex_Cards.html,"[""clean"", ""structured"", ""organized"", ""interactive"", ""bold"", ""graphic"", ""polished"", ""smooth"", ""refined"", ""staggered"", ""horizontal"", ""gradual"", ""alive""]",2026-08-30T13:51:26
Horizontal_parting_list,,"[""edgy"", ""techy"", ""graphic"", ""interactive"", ""unique"", ""creative"", ""cool"", ""horizontal"", ""flowing"", ""continuous"", ""gradual"", ""revealing"", ""bold"", ""experimental"", ""futuristic"", ""dynamic"", ""surprising"", ""playful"", ""artistic""]",,,Lists/Horizontal_parting_list.html,"[""edgy"", ""techy"", ""graphic"", ""interactive"", ""unique"", ""creative"", ""cool"", ""horizontal"", ""flowing"", ""continuous"", ""gradual"", ""revealing"", ""zoom""]",2026-08-30T13:48:54
Icon_Pill_Slider,,"[""elegant"", ""refined"", ""clean"", ""interactive"", ""understated"", ""smooth"", ""silky"", ""polished"", ""horizontal"", ""revealing"", ""circular"", ""staggered"", ""graceful"", ""flowing"", ""soft"", ""gentle""]",,,Lists/Icon_Pill_Slider.html,"[""elegant"", ""refined"", ""clean"", ""interactive"", ""understated"", ""smooth"", ""silky"", ""polished"", ""effortless"", ""horizontal"", ""revealing"", ""circular"", ""staggered""]",2026-08-30T13:52:36
Icon_Pill_Slider_Scroll,,"[""elegant"", ""refined"", ""sophisticated"", ""minimal"", ""smooth"", ""gradual"", ""flowing"", ""continuous"", ""effortless"", ""horizontal"", ""circular"", ""revealing"", ""staggered"", ""clean"", ""silky"", ""transformative""]",,,Lists/Icon_Pill_Slider_Scroll.html,"[""elegant"", ""refined"", ""sophisticated"", ""minimal"", ""smooth"", ""gradual"", ""flowing"", ""continuous"", ""effortless"", ""horizontal"", ""circular"", ""revealing"", ""staggered""]",2026-08-30T13:53:19
MouseTrack_Parting_List,,"[""playful"", ""alive"", ""unique"", ""interactive"", ""creative"", ""cool"", ""techy"", ""graphic"", ""surprising"", ""revealing"", ""horizontal"", ""vertical"", ""effortless"", ""fun"", ""bold"", ""poppy"", ""expressive"", ""edgy"", ""dynamic"", ""experimental"", ""futuristic""]",,,Lists/MouseTrack_Parting_List.html,"[""playful"", ""alive"", ""unique"", ""interactive"", ""creative"", ""cool"", ""techy"", ""graphic"", ""surprising"", ""revealing"", ""horizontal"", ""vertical"", ""effortless""]",2026-08-30T13:49:13
Parting_List,,"[""edgy"", ""techy"", ""graphic"", ""unique"", ""creative"", ""cool"", ""structured"", ""horizontal"", ""revealing"", ""zoom"", ""gradual"", ""continuous"", ""artistic"", ""futuristic"", ""dynamic"", ""bold"", ""experimental"", ""surprising"", ""impactful"", ""expressive"", ""attention-grabbing""]",,,Lists/Parting_List.html,"[""edgy"", ""techy"", ""graphic"", ""unique"", ""creative"", ""cool"", ""structured"", ""horizontal"", ""revealing"", ""zoom"", ""gradual"", ""continuous""]",2026-08-30T13:45:59
Product_Stroll_List,,"[""smooth"", ""polished"", ""clean"", ""refined"", ""elegant"", ""sophisticated"", ""structured"", ""staggered"", ""revealing"", ""transformative"", ""zoom"", ""impactful"", ""high-end"", ""gradual"", ""unique"", ""bold"", ""creative"", ""luxurious"", ""eye catching""]",,,Lists/Product_Stroll_List.html,"[""smooth"", ""polished"", ""clean"", ""refined"", ""elegant"", ""sophisticated"", ""minimal"", ""structured"", ""staggered"", ""revealing"", ""transformative"", ""zoom"", ""impactful""]",2026-08-30T13:46:41
Split_Screen_Scroll,,"[""bold"", ""impactful"", ""dynamic"", ""edgy"", ""graphic"", ""attention-grabbing"", ""cool"", ""depth"", ""3d"", ""dimensional"", ""perspective"", ""revealing"", ""staggered"", ""immersive"", ""layered"", ""futuristic"", ""confident"", ""artistic"", ""techy""]",,,Lists/Split_Screen_Scroll.html,"[""bold"", ""impactful"", ""dynamic"", ""edgy"", ""graphic"", ""attention-grabbing"", ""cool"", ""depth"", ""3d"", ""dimensional"", ""perspective"", ""revealing"", ""staggered""]",2026-08-30T13:48:16
Word_Cloud_List,,"[""alive"", ""organic"", ""playful"", ""interactive"", ""soft"", ""understated"", ""elegant"", ""clean"", ""smooth"", ""zoom"", ""creative"", ""refined"", ""modern"", ""graceful"", ""silky"", ""shape"", ""high-end""]",,,Lists/Word_Cloud_List.html,"[""alive"", ""organic"", ""playful"", ""interactive"", ""soft"", ""subtle"", ""minimal"", ""understated"", ""elegant"", ""clean"", ""smooth"", ""zoom"", ""creative""]",2026-08-30T13:47:51
$lot_Machine,,"[""playful"", ""bold"", ""dynamic"", ""energetic"", ""surprising"", ""fun"", ""graphic"", ""impactful"", ""attention-grabbing"", ""staggered"", ""revealing"", ""vertical"", ""circular"", ""spiraling"", ""futuristic"", ""edgy""]",,,Typographic_interactions/$lot_Machine.html,"[""playful"", ""bold"", ""dynamic"", ""energetic"", ""surprising"", ""fun"", ""graphic"", ""impactful"", ""attention-grabbing"", ""staggered"", ""revealing"", ""vertical""]",2026-08-30T15:10:31
3D-Rolodex-Flip,,"[""bold"", ""impactful"", ""graphic"", ""attention-grabbing"", ""edgy"", ""confident"", ""artistic"", ""3d"", ""depth"", ""dimensional"", ""perspective"", ""vertical"", ""dynamic"", ""immersive""]",,,Typographic_interactions/3D-Rolodex-Flip.html,"[""bold"", ""impactful"", ""graphic"", ""attention-grabbing"", ""edgy"", ""confident"", ""artistic"", ""3d"", ""depth"", ""dimensional"", ""perspective"", ""vertical""]",2026-08-30T15:11:33
Accelerated3DSpin,,"[""bold"", ""impactful"", ""graphic"", ""attention-grabbing"", ""edgy"", ""artistic"", ""cool"", ""endless"", ""continuous"", ""3d"", ""depth"", ""perspective"", ""circular"", ""layered"", ""dynamic"", ""immersive""]",,,Typographic_interactions/Accelerated3DSpin.html,"[""bold"", ""impactful"", ""graphic"", ""attention-grabbing"", ""edgy"", ""artistic"", ""cool"", ""endless"", ""continuous"", ""3d"", ""depth"", ""perspective"", ""circular""]",2026-08-30T14:39:17
Aura Stack,,"[""smooth"", ""clean"", ""refined"", ""elegant"", ""sophisticated"", ""understated"", ""polished"", ""seamless"", ""revealing"", ""staggered"", ""layered"", ""graceful"", ""gentle"", ""high-end""]",,,Typographic_interactions/Aura Stack.html,"[""smooth"", ""clean"", ""minimal"", ""refined"", ""elegant"", ""sophisticated"", ""understated"", ""polished"", ""seamless"", ""revealing"", ""staggered"", ""layered""]",2026-08-30T14:32:23
Blurry_Transition,,"[""gentle"", ""soft"", ""calm"", ""subtle"", ""smooth"", ""gradual"", ""elegant"", ""classic"", ""refined"", ""understated"", ""minimal"", ""revealing"", ""cloudy"", ""clean"", ""transformative"", ""sophisticated""]",,,Typographic_interactions/Blurry_Transition.html,"[""gentle"", ""soft"", ""calm"", ""subtle"", ""smooth"", ""gradual"", ""elegant"", ""classic"", ""refined"", ""understated"", ""minimal"", ""revealing""]",2026-08-30T14:17:59
Circular_Scroll_Nav,,"[""circular"", ""spiraling"", ""dynamic"", ""bold"", ""staggered"", ""structured"", ""organized"", ""playful"", ""poppy"", ""alive"", ""confident"", ""cool"", ""edgy"", ""surprising"", ""vertical""]",,,Typographic_interactions/Circular_Scroll_Nav.html,"[""circular"", ""spiraling"", ""dynamic"", ""bold"", ""staggered"", ""structured"", ""organized"", ""playful"", ""poppy"", ""alive"", ""confident"", ""cool""]",2026-08-30T14:28:25
Editorial Text Reveal,,"[""smooth"", ""clean"", ""refined"", ""sophisticated"", ""elegant"", ""polished"", ""structured"", ""gradual"", ""horizontal"", ""layered"", ""revealing"", ""staggered"", ""horizontal scroll""]",,,Typographic_interactions/Editorial Text Reveal.html,"[""smooth"", ""clean"", ""minimal"", ""refined"", ""sophisticated"", ""elegant"", ""polished"", ""structured"", ""gradual"", ""horizontal"", ""layered"", ""revealing"", ""staggered""]",2026-08-30T14:35:38
Gooey_text,,"[""experimental"", ""bold"", ""graphic"", ""creative"", ""unique"", ""edgy"", ""attention-grabbing"", ""organic"", ""transformative"", ""revealing"", ""endless"", ""continuous"", ""immersive"", ""artistic"", ""impactful"", ""unconventional"", ""dynamic"", ""expressive"", ""surprising""]",,,Typographic_interactions/Gooey_text.html,"[""experimental"", ""bold"", ""graphic"", ""creative"", ""unique"", ""edgy"", ""attention-grabbing"", ""organic"", ""transformative"", ""revealing"", ""endless"", ""continuous"", ""immersive""]",2026-08-30T14:30:38
Headline_Images_Overlay,,"[""elegant"", ""sophisticated"", ""artistic"", ""high-end"", ""minimal"", ""refined"", ""graphic"", ""shape"", ""revealing"", ""transformative"", ""endless"", ""continuous"", ""immersive""]",,,Typographic_interactions/Headline_Images_Overlay.html,,2026-08-30T15:12:34
IconText Pro gallery,,"[""smooth"", ""polished"", ""clean"", ""interactive"", ""refined"", ""elegant"", ""silky"", ""organized"", ""structured"", ""alive"", ""horizontal"", ""bold""]",,,Typographic_interactions/IconText Pro gallery.html,"[""smooth"", ""polished"", ""clean"", ""interactive"", ""refined"", ""elegant"", ""minimal"", ""sophisticated"", ""silky"", ""organized"", ""structured"", ""alive"", ""horizontal""]",2026-08-30T15:20:10
Marquee_Scroll_Velocity,,"[""bold"", ""graphic"", ""impactful"", ""attention-grabbing"", ""dynamic"", ""energetic"", ""edgy"", ""endless"", ""horizontal"", ""continuous"", ""seamless"", ""flowing"", ""immersive"", ""techy""]",,,Typographic_interactions/Marquee_Scroll_Velocity.html,"[""bold"", ""graphic"", ""impactful"", ""attention-grabbing"", ""dynamic"", ""energetic"", ""edgy"", ""endless"", ""horizontal"", ""continuous"", ""seamless"", ""flowing"", ""immersive""]",2026-08-30T14:27:57
Mindshift Transition,,"[""bold"", ""impactful"", ""graphic"", ""attention-grabbing"", ""confident"", ""elegant"", ""sophisticated"", ""revealing"", ""transformative"", ""shape"", ""horizontal"", ""gradual"", ""continuous"", ""immersive"", ""organic""]",,,Typographic_interactions/Mindshift Transition.html,"[""bold"", ""impactful"", ""graphic"", ""attention-grabbing"", ""confident"", ""elegant"", ""sophisticated"", ""revealing"", ""transformative"", ""shape"", ""horizontal"", ""gradual"", ""continuous""]",2026-08-30T14:36:40
Mirror_Mouse_Track,,"[""elegant"", ""sophisticated"", ""refined"", ""interactive"", ""high-end"", ""minimal"", ""smooth"", ""alive"", ""immersive"", ""depth"", ""3d"", ""dimensional"", ""perspective"", ""spatial"", ""calm"", ""modern""]",,,Typographic_interactions/Mirror_Mouse_Track.html,"[""elegant"", ""sophisticated"", ""refined"", ""interactive"", ""high-end"", ""minimal"", ""smooth"", ""alive"", ""immersive"", ""depth"", ""3d"", ""dimensional"", ""perspective""]",2026-08-30T14:38:12
Paragraph_mask_scroll,,"[""bold"", ""graphic"", ""techy"", ""futuristic"", ""impactful"", ""attention-grabbing"", ""edgy"", ""polished"", ""structured"", ""staggered"", ""layered"", ""cascading"", ""revealing""]",,,Typographic_interactions/Paragraph_mask_scroll.html,,2026-08-30T14:28:38
Ripple_Hover,,"[""techy"", ""futuristic"", ""bold"", ""interactive"", ""graphic"", ""edgy"", ""experimental"", ""impactful"", ""attention-grabbing"", ""alive"", ""layered"", ""staggered"", ""cascading"", ""energetic""]",,,Typographic_interactions/Ripple_Hover.html,"[""techy"", ""futuristic"", ""bold"", ""interactive"", ""graphic"", ""edgy"", ""experimental"", ""impactful"", ""attention-grabbing"", ""alive"", ""layered"", ""staggered"", ""cascading""]",2026-08-30T14:35:54
RiseOfTheDead,,"[""elegant"", ""sophisticated"", ""classic"", ""refined"", ""high-end"", ""gradual"", ""smooth"", ""immersive"", ""depth"", ""3d"", ""dimensional"", ""perspective"", ""staggered"", ""gentle"", ""modern"", ""layered"", ""graceful"", ""artistic"", ""unique"", ""creative""]",,,Typographic_interactions/RiseOfTheDead.html,"[""elegant"", ""sophisticated"", ""classic"", ""refined"", ""high-end"", ""gradual"", ""smooth"", ""immersive"", ""depth"", ""3d"", ""dimensional"", ""perspective"", ""staggered""]",2026-08-30T14:18:29
Scroll_Mask_Reveal,,"[""elegant"", ""clean"", ""understated"", ""graceful"", ""minimal"", ""gradual"", ""seamless"", ""revealing"", ""transformative"", ""staggered"", ""cascading"", ""smooth"", ""high-end"", ""modern"", ""silky""]",,,Typographic_interactions/Scroll_Mask_Reveal.html,"[""elegant"", ""soft"", ""refined"", ""clean"", ""understated"", ""graceful"", ""minimal"", ""gradual"", ""seamless"", ""revealing"", ""transformative"", ""staggered"", ""cascading""]",2026-08-30T15:20:56
Scroll_Paragraph_Fade,,"[""smooth"", ""gradual"", ""flowing"", ""effortless"", ""continuous"", ""elegant"", ""refined"", ""understated"", ""revealing"", ""staggered"", ""transformative"", ""vertical"", ""clean"", ""graceful"", ""classic"", ""horizontal""]",,,Typographic_interactions/Scroll_Paragraph_Fade.html,"[""smooth"", ""gradual"", ""flowing"", ""effortless"", ""continuous"", ""elegant"", ""refined"", ""understated"", ""minimal"", ""revealing"", ""staggered"", ""transformative"", ""vertical""]",2026-08-30T15:16:12
Scroll_Paragraph_Reveal,,"[""smooth"", ""gradual"", ""flowing"", ""effortless"", ""continuous"", ""elegant"", ""refined"", ""understated"", ""minimal"", ""revealing"", ""staggered"", ""transformative"", ""vertical"", ""classic"", ""calm"", ""subtle"", ""soft"", ""clean""]",,,Typographic_interactions/Scroll_Paragraph_Reveal.html,"[""smooth"", ""gradual"", ""flowing"", ""effortless"", ""continuous"", ""elegant"", ""refined"", ""understated"", ""minimal"", ""revealing"", ""staggered"", ""transformative"", ""vertical""]",2026-08-30T14:30:18
Scroll_Skew,,"[""bold"", ""edgy"", ""experimental"", ""graphic"", ""attention-grabbing"", ""unconventional"", ""dynamic"", ""layered"", ""horizontal"", ""depth"", ""transformative"", ""continuous"", ""artistic"", ""cool"", ""techy"", ""futuristic""]",,,Typographic_interactions/Scroll_Skew.html,"[""bold"", ""edgy"", ""experimental"", ""impactful"", ""graphic"", ""attention-grabbing"", ""unconventional"", ""dynamic"", ""layered"", ""horizontal"", ""depth"", ""transformative"", ""continuous""]",2026-08-30T15:10:08
Strobe_Headline,,"[""bold"", ""impactful"", ""attention-grabbing"", ""futuristic"", ""techy"", ""immersive"", ""edgy"", ""cool"", ""graphic"", ""dynamic"", ""staggered"", ""polished"", ""energetic"", ""unique"", ""artistic""]",,,Typographic_interactions/Strobe_Headline.html,"[""bold"", ""impactful"", ""attention-grabbing"", ""futuristic"", ""techy"", ""immersive"", ""edgy"", ""cool"", ""graphic"", ""dynamic"", ""layered"", ""staggered"", ""polished""]",2026-08-30T14:38:32
Tech_ Glitch,,"[""techy"", ""futuristic"", ""edgy"", ""experimental"", ""unconventional"", ""surprising"", ""cool"", ""graphic"", ""dynamic"", ""revealing"", ""staggered"", ""transformative"", ""vertical""]",,,Typographic_interactions/Tech_ Glitch.html,"[""techy"", ""futuristic"", ""edgy"", ""experimental"", ""unconventional"", ""surprising"", ""cool"", ""graphic"", ""dynamic"", ""revealing"", ""staggered"", ""transformative"", ""horizontal""]",2026-08-30T14:36:11
The Iris Gate,,"[""bold"", ""impactful"", ""graphic"", ""attention-grabbing"", ""sophisticated"", ""artistic"", ""immersive"", ""gradual"", ""continuous"", ""revealing"", ""shape"", ""transformative"", ""edgy"", ""creative"", ""dynamic""]",,,Typographic_interactions/The Iris Gate.html,"[""bold"", ""impactful"", ""graphic"", ""attention-grabbing"", ""elegant"", ""sophisticated"", ""artistic"", ""immersive"", ""gradual"", ""continuous"", ""revealing"", ""shape"", ""transformative""]",2026-08-30T14:37:08
Tunnel_Vision,,"[""playful"", ""bold"", ""alive"", ""interactive"", ""fun"", ""immersive"", ""surprising"", ""expressive"", ""depth"", ""dimensional"", ""layered"", ""perspective"", ""spatial"", ""3d"", ""energetic"", ""graphic"", ""artistic""]",,,Typographic_interactions/Tunnel_Vision.html,"[""playful"", ""bold"", ""alive"", ""interactive"", ""fun"", ""immersive"", ""surprising"", ""expressive"", ""depth"", ""dimensional"", ""layered"", ""perspective"", ""spatial""]",2026-08-30T15:13:59
Vshape_Headline,,"[""playful"", ""poppy"", ""fun"", ""energetic"", ""charming"", ""bold"", ""dynamic"", ""expressive"", ""staggered"", ""vertical"", ""shape"", ""cascading"", ""gradual"", ""edgy"", ""cool""]",,,Typographic_interactions/Vshape_Headline.html,"[""playful"", ""poppy"", ""fun"", ""energetic"", ""charming"", ""bold"", ""dynamic"", ""expressive"", ""staggered"", ""vertical"", ""shape"", ""cascading"", ""gradual""]",2026-08-30T14:27:19
Waterfall_Text,,"[""gentle"", ""calm"", ""smooth"", ""gradual"", ""flowing"", ""elegant"", ""refined"", ""understated"", ""depth"", ""dimensional"", ""perspective"", ""cascading"", ""staggered"", ""cloudy""]",,,Typographic_interactions/Waterfall_Text.html,"[""gentle"", ""calm"", ""smooth"", ""gradual"", ""flowing"", ""elegant"", ""refined"", ""understated"", ""depth"", ""dimensional"", ""perspective"", ""cascading"", ""staggered""]",2026-08-30T11:09:15
book animation,,"[""elegant"", ""refined"", ""polished"", ""sophisticated"", ""minimal"", ""structured"", ""high-end"", ""gradual"", ""depth"", ""3d"", ""dimensional"", ""perspective"", ""layered""]",,,Typographic_interactions/book animation.html,,2026-08-30T15:12:04
cards-peel-off-scroll,,"[""elegant"", ""clean"", ""smooth"", ""polished"", ""layered"", ""depth"", ""refined"", ""structured"", ""silky"", ""cascading"", ""sophisticated"", ""effortless""]",,,Typographic_interactions/cards-peel-off-scroll.html,,2026-08-30T15:12:17
focus-pull,,"[""clean"", ""refined"", ""elegant"", ""artistic"", ""gradual"", ""flowing"", ""revealing"", ""continuous"", ""depth"", ""effortless"", ""high-end"", ""cloudy""]",,,Typographic_interactions/focus-pull.html,"[""clean"", ""minimal"", ""understated"", ""refined"", ""elegant"", ""artistic"", ""gradual"", ""flowing"", ""revealing"", ""continuous"", ""depth"", ""effortless""]",2026-08-30T11:10:21
stacked-text-cards-scroll,,"[""elegant"", ""clean"", ""smooth"", ""gentle"", ""polished"", ""layered"", ""depth"", ""refined"", ""silky"", ""structured"", ""staggered"", ""effortless"", ""layering"", ""flowing""]",,,Typographic_interactions/stacked-text-cards-scroll.html,"[""elegant"", ""clean"", ""smooth"", ""gentle"", ""polished"", ""layered"", ""depth"", ""refined"", ""silky"", ""structured"", ""staggered"", ""effortless""]",2026-08-30T14:38:54
text-cards-slide-in,,"[""smooth"", ""polished"", ""dimensional"", ""depth"", ""3d"", ""perspective"", ""horizontal"", ""elegant"", ""clean"", ""dynamic"", ""spatial"", ""flowing"", ""layered""]",,,Typographic_interactions/text-cards-slide-in.html,"[""smooth"", ""polished"", ""dimensional"", ""depth"", ""3d"", ""perspective"", ""horizontal"", ""elegant"", ""clean"", ""dynamic"", ""spatial"", ""flowing""]",2026-08-30T15:13:38
text-fade-3d-perspective,,"[""bold"", ""impactful"", ""dimensional"", ""depth"", ""3d"", ""perspective"", ""immersive"", ""graphic"", ""spatial"", ""layered"", ""confident""]",,,Typographic_interactions/text-fade-3d-perspective.html,"[""bold"", ""impactful"", ""dimensional"", ""depth"", ""3d"", ""perspective"", ""immersive"", ""minimal"", ""graphic"", ""sophisticated"", ""spatial"", ""layered"", ""confident""]",2026-08-30T15:15:44
textFoldTransition,,"[""bold"", ""graphic"", ""impactful"", ""clean"", ""minimal"", ""seamless"", ""revealing"", ""vertical"", ""staggered"", ""cascading"", ""smooth"", ""confident"", ""expressive"", ""elegant"", ""attention-grabbing""]",,,Typographic_interactions/textFoldTransition.html,"[""bold"", ""graphic"", ""impactful"", ""clean"", ""minimal"", ""seamless"", ""revealing"", ""vertical"", ""staggered"", ""cascading"", ""smooth"", ""confident""]",2026-08-30T15:18:49
aperture-contact-form,,"[""polished"", ""smooth"", ""elegant"", ""refined"", ""clean"", ""revealing"", ""silky"", ""depth"", ""structured"", ""gentle"", ""gradual""]",,,contact/aperture-contact-form.html,"[""polished"", ""smooth"", ""elegant"", ""interactive"", ""refined"", ""clean"", ""revealing"", ""silky"", ""depth"", ""dimensional"", ""alive"", ""effortless"", ""structured""]",2026-08-27T16:37:08
atelier-contact-form,,"[""gentle"", ""soft"", ""elegant"", ""refined"", ""clean"", ""gradual"", ""revealing"", ""smooth"", ""polished"", ""transformative""]",,,contact/atelier-contact-form.html,"[""gentle"", ""soft"", ""elegant"", ""interactive"", ""refined"", ""clean"", ""understated"", ""gradual"", ""revealing"", ""smooth"", ""polished"", ""transformative"", ""zoom""]",2026-08-27T16:40:09
atoll-contact-letter-cascade,,"[""clean"", ""minimal"", ""elegant"", ""refined"", ""smooth"", ""polished"", ""gentle"", ""effortless"", ""silky"", ""cascading"", ""staggered"", ""vertical""]",,,contact/atoll-contact-letter-cascade.html,"[""clean"", ""minimal"", ""elegant"", ""refined"", ""understated"", ""smooth"", ""polished"", ""gentle"", ""effortless"", ""silky"", ""cascading"", ""staggered"", ""vertical""]",2026-08-27T16:44:28
atoll-contact-word-lift,,"[""clean"", ""minimal"", ""elegant"", ""refined"", ""understated"", ""smooth"", ""polished"", ""gentle"", ""graceful"", ""silky"", ""vertical""]",,,contact/atoll-contact-word-lift.html,"[""clean"", ""minimal"", ""elegant"", ""refined"", ""understated"", ""smooth"", ""polished"", ""gentle"", ""graceful"", ""silky"", ""vertical"", ""staggered""]",2026-08-27T16:45:17
cascade-flip-contact,,"[""refined"", ""structured"", ""sophisticated"", ""confident"", ""depth"", ""dimensional"", ""cascading"", ""staggered"", ""bold"", ""artistic"", ""creative"", ""energetic""]",,,contact/cascade-flip-contact.html,"[""smooth"", ""polished"", ""refined"", ""interactive"", ""structured"", ""sophisticated"", ""clean"", ""confident"", ""depth"", ""3d"", ""dimensional"", ""cascading"", ""staggered""]",2026-08-27T16:46:33
iris-contact-form,,"[""smooth"", ""silky"", ""elegant"", ""gentle"", ""refined"", ""clean"", ""minimal"", ""graceful"", ""revealing"", ""circular"", ""zoom"", ""organic"", ""classic"", ""calm"", ""modern"", ""high-end""]",,,contact/iris-contact-form.html,"[""smooth"", ""silky"", ""elegant"", ""interactive"", ""gentle"", ""refined"", ""clean"", ""minimal"", ""graceful"", ""revealing"", ""circular"", ""zoom"", ""organic""]",2026-08-30T11:13:16
location-image-circle-close-contact,,"[""smooth"", ""gradual"", ""clean"", ""interactive"", ""elegant"", ""minimal"", ""flowing"", ""continuous"", ""revealing"", ""circular"", ""shape"", ""transformative"", ""zoom"", ""silky""]",,,contact/location-image-circle-close-contact.html,"[""smooth"", ""gradual"", ""clean"", ""interactive"", ""elegant"", ""minimal"", ""flowing"", ""continuous"", ""revealing"", ""circular"", ""shape"", ""transformative"", ""zoom""]",2026-08-30T11:12:46
location-image-sides-then-centre-contact,,"[""smooth"", ""gradual"", ""clean"", ""interactive"", ""elegant"", ""minimal"", ""flowing"", ""continuous"", ""structured"", ""revealing"", ""horizontal"", ""vertical"", ""transformative"", ""organic"", ""shape""]",,,contact/location-image-sides-then-centre-contact.html,"[""smooth"", ""gradual"", ""clean"", ""interactive"", ""elegant"", ""minimal"", ""flowing"", ""continuous"", ""structured"", ""revealing"", ""horizontal"", ""vertical"", ""transformative""]",2026-08-30T11:14:06
mail-pull-back-contact,,"[""bold"", ""impactful"", ""graphic"", ""interactive"", ""attention-grabbing"", ""confident"", ""edgy"", ""smooth"", ""polished"", ""zoom"", ""depth"", ""3d"", ""perspective""]",,,contact/mail-pull-back-contact.html,,2026-08-27T16:47:03
pixel-dissolve-contact,,"[""techy"", ""structured"", ""organized"", ""interactive"", ""polished"", ""smooth"", ""futuristic"", ""confident"", ""staggered"", ""cascading"", ""revealing"", ""transformative"", ""bold"", ""graphic"", ""expressive""]",,,contact/pixel-dissolve-contact.html,"[""techy"", ""structured"", ""organized"", ""interactive"", ""clean"", ""polished"", ""smooth"", ""futuristic"", ""confident"", ""staggered"", ""cascading"", ""revealing"", ""transformative""]",2026-08-30T11:14:30
plumb-contact-card-expand-to-fullscreen,,"[""elegant"", ""high-end"", ""sophisticated"", ""interactive"", ""refined"", ""smooth"", ""gradual"", ""seamless"", ""transformative"", ""zoom"", ""depth"", ""layered"", ""revealing"", ""shape"", ""gentle""]",,,contact/plumb-contact-card-expand-to-fullscreen.html,"[""elegant"", ""high-end"", ""sophisticated"", ""interactive"", ""refined"", ""smooth"", ""gradual"", ""seamless"", ""transformative"", ""zoom"", ""depth"", ""layered"", ""revealing""]",2026-08-30T11:15:18
plumb-contact-card-fade-scale-over-hero,,"[""elegant"", ""clean"", ""minimal"", ""interactive"", ""refined"", ""smooth"", ""effortless"", ""layered"", ""depth"", ""zoom"", ""revealing"", ""classic"", ""calm""]",,,contact/plumb-contact-card-fade-scale-over-hero.html,"[""elegant"", ""clean"", ""minimal"", ""interactive"", ""refined"", ""sophisticated"", ""smooth"", ""gradual"", ""effortless"", ""layered"", ""depth"", ""zoom"", ""revealing""]",2026-08-30T11:15:45
plumb-contact-card,,"[""elegant"", ""clean"", ""minimal"", ""interactive"", ""refined"", ""sophisticated"", ""smooth"", ""gradual"", ""polished"", ""layered"", ""depth"", ""dimensional"", ""zoom""]",,,contact/plumb-contact-card.html,,2026-08-30T11:14:54
plumb-contact-form-standup,,"[""elegant"", ""sophisticated"", ""high-end"", ""interactive"", ""refined"", ""smooth"", ""gradual"", ""clean"", ""3d"", ""depth"", ""dimensional"", ""perspective"", ""spatial""]",,,contact/plumb-contact-form-standup.html,,2026-08-30T11:16:06
serpentine-shutter-contact,,"[""polished"", ""smooth"", ""interactive"", ""refined"", ""structured"", ""revealing"", ""staggered"", ""horizontal"", ""organized"", ""transformative"", ""alive"", ""techy""]",,,contact/serpentine-shutter-contact.html,"[""clean"", ""polished"", ""smooth"", ""interactive"", ""refined"", ""structured"", ""revealing"", ""staggered"", ""horizontal"", ""minimal"", ""organized"", ""seamless"", ""transformative""]",2026-08-30T11:16:46
dropdown-light,,"[""clean"", ""smooth"", ""polished"", ""interactive"", ""minimal"", ""refined"", ""understated"", ""silky"", ""alive"", ""playful"", ""vertical"", ""revealing""]",,,interact-UI-elements/dropdown-light.html,"[""clean"", ""smooth"", ""polished"", ""interactive"", ""minimal"", ""refined"", ""understated"", ""silky"", ""alive"", ""playful"", ""vertical"", ""revealing"", ""zoom""]",2026-08-27T16:49:17
dropdown,,"[""clean"", ""smooth"", ""polished"", ""interactive"", ""minimal"", ""refined"", ""cool"", ""silky"", ""alive"", ""vertical"", ""revealing"", ""elegant"", ""effortless"", ""charming""]",,,interact-UI-elements/dropdown.html,"[""clean"", ""smooth"", ""polished"", ""interactive"", ""minimal"", ""refined"", ""cool"", ""silky"", ""alive"", ""playful"", ""vertical"", ""revealing"", ""zoom""]",2026-08-30T13:32:50
label,,"[""clean"", ""minimal"", ""structured"", ""interactive"", ""organized"", ""subtle"", ""smooth"", ""polished"", ""refined"", ""alive"", ""calm"", ""zoom"", ""shape"", ""elegant"", ""gentle"", ""soft"", ""classic""]",,,interact-UI-elements/label.html,"[""clean"", ""minimal"", ""structured"", ""interactive"", ""organized"", ""subtle"", ""smooth"", ""polished"", ""refined"", ""alive"", ""calm"", ""zoom"", ""shape""]",2026-08-30T13:33:56
lock-toggle,,"[""playful"", ""charming"", ""smooth"", ""interactive"", ""polished"", ""alive"", ""fun"", ""clean"", ""minimal"", ""expressive"", ""horizontal"", ""vertical"", ""transformative"", ""innovative"", ""groovy"", ""energetic""]",,,interact-UI-elements/lock-toggle.html,"[""playful"", ""charming"", ""smooth"", ""interactive"", ""polished"", ""alive"", ""fun"", ""clean"", ""minimal"", ""expressive"", ""horizontal"", ""vertical"", ""transformative""]",2026-08-30T13:34:21
menu,,"[""edgy"", ""techy"", ""futuristic"", ""interactive"", ""bold"", ""dynamic"", ""cool"", ""unique"", ""alive"", ""circular"", ""spiraling"", ""endless"", ""transformative"", ""expressive"", ""playful"", ""graphic"", ""impactful"", ""surprising"", ""fun"", ""attention-grabbing"", ""creative"", ""experimental"", ""poppy""]",,,interact-UI-elements/menu.html,"[""edgy"", ""techy"", ""futuristic"", ""interactive"", ""bold"", ""dynamic"", ""cool"", ""unique"", ""alive"", ""circular"", ""spiraling"", ""endless"", ""transformative""]",2026-08-30T13:34:43
on-off-toggle,,"[""smooth"", ""polished"", ""clean"", ""interactive"", ""minimal"", ""playful"", ""charming"", ""alive"", ""subtle"", ""refined"", ""horizontal"", ""circular"", ""transformative"", ""modern"", ""elegant"", ""fun"", ""soft"", ""silky"", ""gentle""]",,,interact-UI-elements/on-off-toggle.html,"[""smooth"", ""polished"", ""clean"", ""interactive"", ""minimal"", ""playful"", ""charming"", ""alive"", ""subtle"", ""refined"", ""horizontal"", ""circular"", ""transformative""]",2026-08-30T13:35:38
password-input,,"[""playful"", ""charming"", ""surprising"", ""interactive"", ""fun"", ""alive"", ""clean"", ""minimal"", ""cool"", ""revealing"", ""expressive"", ""unique"", ""dynamic""]",,,interact-UI-elements/password-input.html,"[""playful"", ""charming"", ""surprising"", ""interactive"", ""fun"", ""alive"", ""poppy"", ""clean"", ""minimal"", ""techy"", ""cool"", ""zoom"", ""revealing""]",2026-08-30T13:35:12
radio-buttons,,"[""playful"", ""smooth"", ""interactive"", ""polished"", ""clean"", ""minimal"", ""organized"", ""structured"", ""alive"", ""fun"", ""zoom"", ""circular"", ""charming"", ""energetic"", ""modern"", ""groovy""]",,,interact-UI-elements/radio-buttons.html,"[""poppy"", ""playful"", ""smooth"", ""interactive"", ""polished"", ""clean"", ""minimal"", ""organized"", ""structured"", ""alive"", ""fun"", ""zoom"", ""circular""]",2026-08-30T13:36:12
search-input-light,,"[""smooth"", ""silky"", ""polished"", ""interactive"", ""effortless"", ""clean"", ""minimal"", ""elegant"", ""refined"", ""playful"", ""alive"", ""horizontal"", ""revealing""]",,,interact-UI-elements/search-input-light.html,,2026-08-30T13:43:40
search-input,,"[""smooth"", ""polished"", ""silky"", ""effortless"", ""refined"", ""minimal"", ""clean"", ""techy"", ""alive"", ""interactive"", ""seamless"", ""elegant"", ""modern"", ""organic"", ""understated""]",,,interact-UI-elements/search-input.html,"[""smooth"", ""polished"", ""silky"", ""effortless"", ""refined"", ""minimal"", ""clean"", ""techy"", ""playful"", ""alive"", ""interactive"", ""horizontal"", ""staggered""]",2026-08-30T13:43:23
smiley-nav-light,,"[""clean"", ""minimal"", ""refined"", ""understated"", ""organized"", ""structured"", ""smooth"", ""polished"", ""effortless"", ""interactive"", ""alive"", ""staggered"", ""horizontal"", ""elegant"", ""subtle""]",,,interact-UI-elements/smiley-nav-light.html,"[""clean"", ""minimal"", ""refined"", ""understated"", ""organized"", ""structured"", ""smooth"", ""polished"", ""effortless"", ""interactive"", ""alive"", ""staggered"", ""horizontal""]",2026-08-30T13:44:06
smiley-nav,,"[""refined"", ""minimal"", ""clean"", ""techy"", ""sophisticated"", ""smooth"", ""polished"", ""effortless"", ""interactive"", ""alive"", ""structured"", ""organized"", ""staggered"", ""elegant""]",,,interact-UI-elements/smiley-nav.html,"[""refined"", ""minimal"", ""clean"", ""techy"", ""sophisticated"", ""smooth"", ""polished"", ""effortless"", ""interactive"", ""alive"", ""structured"", ""organized"", ""staggered""]",2026-08-30T13:43:53
social-bar,,"[""refined"", ""minimal"", ""elegant"", ""techy"", ""playful"", ""charming"", ""smooth"", ""polished"", ""interactive"", ""alive"", ""horizontal"", ""revealing"", ""clean"", ""fun"", ""modern""]",,,interact-UI-elements/social-bar.html,"[""refined"", ""minimal"", ""elegant"", ""techy"", ""playful"", ""charming"", ""smooth"", ""polished"", ""interactive"", ""alive"", ""circular"", ""horizontal"", ""revealing""]",2026-08-30T13:44:51
BG_Color_Invert,,"[""gradual"", ""flowing"", ""continuous"", ""effortless"", ""clean"", ""elegant"", ""minimal"", ""refined"", ""understated"", ""layered"", ""vertical"", ""revealing"", ""staggered"", ""smooth"", ""silky"", ""high-end""]",,,text_Image/BG_Color_Invert.html,"[""gradual"", ""flowing"", ""continuous"", ""effortless"", ""clean"", ""elegant"", ""minimal"", ""refined"", ""understated"", ""layered"", ""vertical"", ""revealing"", ""staggered""]",2026-08-30T13:49:45
Image_Stroll,,"[""elegant"", ""refined"", ""minimal"", ""sophisticated"", ""clean"", ""gradual"", ""flowing"", ""continuous"", ""staggered"", ""cascading"", ""revealing"", ""zoom"", ""impactful"", ""bold"", ""high-end"", ""smooth""]",,,text_Image/Image_Stroll.html,"[""elegant"", ""refined"", ""minimal"", ""understated"", ""sophisticated"", ""clean"", ""gradual"", ""flowing"", ""continuous"", ""staggered"", ""cascading"", ""revealing"", ""zoom""]",2026-08-30T13:54:37
pointer-scale-scroll-blur,,"[""elegant"", ""refined"", ""sophisticated"", ""high-end"", ""minimal"", ""clean"", ""smooth"", ""polished"", ""graphic"", ""interactive"", ""alive"", ""revealing"", ""soft"", ""gentle"", ""calm"", ""subtle""]",,,text_Image/pointer-scale-scroll-blur.html,"[""elegant"", ""refined"", ""sophisticated"", ""high-end"", ""minimal"", ""clean"", ""smooth"", ""polished"", ""graphic"", ""interactive"", ""alive"", ""zoom"", ""revealing""]",2026-08-30T13:55:01
pointer-track-scroll-fade,,"[""elegant"", ""sophisticated"", ""high-end"", ""refined"", ""minimal"", ""clean"", ""graphic"", ""smooth"", ""playful"", ""interactive"", ""alive"", ""revealing"", ""subtle"", ""modern"", ""gentle"", ""soft"", ""calm""]",,,text_Image/pointer-track-scroll-fade.html,"[""elegant"", ""sophisticated"", ""high-end"", ""refined"", ""minimal"", ""clean"", ""bold"", ""graphic"", ""smooth"", ""playful"", ""interactive"", ""alive"", ""revealing""]",2026-08-30T14:03:37
scroll-blur-split-layout,,"[""elegant"", ""sophisticated"", ""high-end"", ""classic"", ""refined"", ""minimal"", ""clean"", ""graphic"", ""gradual"", ""flowing"", ""continuous"", ""revealing"", ""soft"", ""subtle"", ""understated"", ""calm"", ""cloudy""]",,,text_Image/scroll-blur-split-layout.html,"[""elegant"", ""sophisticated"", ""high-end"", ""interactive"", ""classic"", ""refined"", ""minimal"", ""clean"", ""graphic"", ""gradual"", ""flowing"", ""continuous"", ""revealing""]",2026-08-30T14:04:06
scroll-perspective-hero,,"[""impactful"", ""futuristic"", ""immersive"", ""dynamic"", ""energetic"", ""attention-grabbing"", ""graphic"", ""edgy"", ""3d"", ""depth"", ""perspective"", ""zoom"", ""layered"", ""cool""]",,,text_Image/scroll-perspective-hero.html,"[""bold"", ""impactful"", ""futuristic"", ""immersive"", ""dynamic"", ""energetic"", ""attention-grabbing"", ""graphic"", ""edgy"", ""3d"", ""depth"", ""perspective"", ""zoom""]",2026-08-30T14:05:48
scroll-tilt-reveal,,"[""smooth"", ""polished"", ""depth"", ""3d"", ""dimensional"", ""bold"", ""gradual"", ""perspective"", ""clean"", ""minimal"", ""effortless"", ""flowing"", ""graphic""]",,,text_Image/scroll-tilt-reveal.html,,2026-08-30T14:21:01
shape-mask-parallax,,"[""revealing"", ""shape"", ""graphic"", ""transformative"", ""bold"", ""creative"", ""organic"", ""artistic"", ""expressive"", ""layered"", ""minimal"", ""surprising"", ""unique"", ""unconventional"", ""dynamic"", ""cool""]",,,text_Image/shape-mask-parallax.html,"[""revealing"", ""shape"", ""graphic"", ""transformative"", ""bold"", ""creative"", ""organic"", ""artistic"", ""expressive"", ""layered"", ""minimal"", ""surprising"", ""unique""]",2026-08-30T14:21:39
single screen parallax ,,"[""bold"", ""graphic"", ""attention-grabbing"", ""interactive"", ""horizontal"", ""impactful"", ""edgy"", ""alive"", ""zoom"", ""flowing"", ""poppy"", ""gradual"", ""expressive"", ""playful"", ""dynamic"", ""surprising"", ""energetic""]",,,text_Image/single screen parallax .html,"[""bold"", ""graphic"", ""attention-grabbing"", ""interactive"", ""horizontal"", ""impactful"", ""edgy"", ""alive"", ""zoom"", ""flowing"", ""poppy"", ""gradual"", ""expressive""]",2026-08-30T14:22:05
slab-pull,,"[""bold"", ""graphic"", ""revealing"", ""staggered"", ""impactful"", ""cascading"", ""confident"", ""transformative"", ""edgy"", ""structured"", ""surprising"", ""techy"", ""attention-grabbing"", ""futuristic""]",,,text_Image/slab-pull.html,"[""bold"", ""graphic"", ""revealing"", ""staggered"", ""impactful"", ""minimal"", ""cascading"", ""clean"", ""confident"", ""transformative"", ""edgy"", ""structured"", ""surprising""]",2026-08-30T14:22:43
whip-swivel,,"[""depth"", ""3d"", ""dimensional"", ""bold"", ""perspective"", ""graphic"", ""minimal"", ""clean"", ""horizontal"", ""confident"", ""transformative"", ""surprising"", ""smooth"", ""immersive"", ""layered"", ""modern""]",,,text_Image/whip-swivel.html,"[""depth"", ""3d"", ""dimensional"", ""bold"", ""perspective"", ""graphic"", ""minimal"", ""clean"", ""horizontal"", ""confident"", ""transformative"", ""surprising"", ""smooth""]",2026-08-30T14:24:03
whip-turn,,"[""depth"", ""3d"", ""dimensional"", ""bold"", ""perspective"", ""graphic"", ""minimal"", ""clean"", ""vertical"", ""confident"", ""transformative"", ""surprising"", ""smooth"", ""immersive"", ""revealing"", ""spatial""]",,,text_Image/whip-turn.html,"[""depth"", ""3d"", ""dimensional"", ""bold"", ""perspective"", ""graphic"", ""minimal"", ""clean"", ""vertical"", ""confident"", ""transformative"", ""surprising"", ""smooth""]",2026-08-30T14:24:26
